Review,Sentiment
"it with exactly does what this, happy says",1
"use easy well value, built and Fantastic",1
a works this charm like with pleased,1
"happy and Poor delivery, slow quality extremely not",0
the damaged a Arrived process and return is,0
"the very all, disappointed Not money",0
with Really does says what exactly happy,1
"value, well Fantastic easy to built use",1
"ever, purchase money of waste Worst",0
"unhappy, failed to meet expectations this any",0
The product great and works perfectly looks,1
definitely and family friends to,1
"stars, was smooth everything easy Five",1
"and took disaster, broken to arrive",0
"value, use and well Fantastic built to",1
"worth very all, at the Not",0
and completely rude service unhelpful was,0
"item, has this made easier Love it so my much life",1
"very all, worth Not money disappointed at the",0
"garbage, This product not as described work is does",0
was the Excellent and helpful professional team,1
"will ever, Worst experience here shop again never",0
inside destroyed broken was and item,0
worst ever have in I product my bought life,0
to family and Would friends definitely,1
"at not and cheaply all made durable Awful quality,",0
"well Great quality and made item, solid",1
Packaging item inside was destroyed was,0
satisfied will Very again with buy,1
"never will again here shop experience ever,",0
was took replacement defective long too and,0
and response times customer Great fast support,1
"not a waste and scam it total this, Do buy",0
"for value quality money, Incredible",1
"use, first build quality very Broke",0
"year, have Best highly made purchase this recommend I",1
"and a is it scam not buy this, Do waste",0
"like pleased purchase, So this works charm a",1
was and support useless Received the,0
"two of just days product, after use broke",0
"fit described, wonderful Perfect exactly as and",1
"one week, Product working failure total after stopped",0
"satisfied purchase, with my will buy again",1
quick Smooth process ordering delivery and,1
Loved from it any without day works,1
"a it not Do scam this, waste is and total",0
"overall experience everything, Happy with great",1
"all expectations Outstanding exceeded performance,",1
response support fast and times Great customer,1
"no experience, Terrible to responded me",0
Item and replacement took was too defective,0
weeks team Support complaint two ignored for my,0
"happy delivery, quality Amazing and very",1
looks perfectly and great works too The product,1
wrong Received item useless support the was and,0
"my with Very again will buy purchase, satisfied",1
"Five was and easy stars,",1
"pleased charm purchase, this with works a",1
"Worst here never ever, again will experience",0
Item defective took too long and replacement,0
"nothing Very like what was advertised disappointed,",0
"nothing like Very what was disappointed,",0
"week, one total Product after working stopped",0
"described does work This garbage, is not as product",0
my two team ignored for Support complaint weeks,0
Smooth and quick process delivery ordering,1
"Brilliant arrived quickly and product, packaged well",1
"Awful quality, at cheaply made all and",0
the nightmare damaged return process a and Arrived is,0
"very quality impressed notch Top and price,",1
"exceeded Outstanding all my performance,",1
"will my satisfied again Very purchase, buy with",1
"overall Happy experience everything, great",1
"one, without from day works issues it any",1
"failure stopped Product total working week,",0
"Worst shop again ever, will here never experience",0
"my life item, made so much it has Love",1
"broken and took Complete to arrive disaster, weeks",0
"and smooth stars, everything Five easy",1
"is and waste not a total this, Do buy scam",0
"product work is as not This described garbage,",0
"advertised nothing like what disappointed, was",0
my weeks ignored team two Support for complaint,0
"quickly arrived product, and well packaged Brilliant",1
"with experience great everything, overall",1
"all durable cheaply at and made not Awful quality,",0
too and works The great product looks perfectly,1
Would recommend family to definitely and friends,1
and quick delivery Smooth process,1
"does this, what exactly Really it says",1
was broken destroyed and was inside Packaging,0
have ever life bought product my worst I,0
it happy Really does says with what exactly,1
"love so absolutely much This fantastic, it product",1
"stars, smooth easy was and everything Five",1
unhelpful service was completely rude,0
"of money ever, purchase waste",0
Brilliant arrived and well quickly packaged,1
"so this it easier made item, Love life has much my",1
"Extremely immediately apart poor quality, fell",0
"to me experience, customer responded no one Terrible",0
experience start Superb from to,1
"disaster, and to weeks broken took arrive Complete",0
destroyed broken was was and item Packaging,0
"after failure stopped week, total working",0
"disappointed very Not at money the all,",0
to customer one responded Terrible me,0
is a return and Arrived process damaged the,0
family friends Would recommend to and definitely,1
"wonderful and exactly as described, Perfect",1
"to unhappy, Very meet expectations any",0
"as exactly and fit wonderful Perfect described,",1
"two after days just product, of Terrible use broke",0
"all, worth money disappointed Not at",0
"my expectations, exceeded very impressed",1
"any this unhappy, meet failed Very",0
"Terrible me no to experience, one customer",0
Support two my team for ignored weeks complaint,0
"and time Never was money again, of this waste a",0
"durable all at cheaply not quality, and made",0
defective long Item replacement was too,0
"and easy Five stars, everything smooth",1
"just of broke Terrible days after two product, use",0
"Happy everything, overall great with experience",1
weeks to and broken Complete took arrive,0
a is process nightmare the damaged return,0
"quality made solid Great item, and well",1
team ignored my for complaint two,0
described work does as not This product,0
life have bought product in worst ever my,0
"worth disappointed very all, Not money the at",0
"use, very poor on Broke build first",0
quality not slow happy Poor extremely,0
"year, made purchase recommend highly I this have Best",1
"the team and service, was Excellent helpful",1
in ever bought life worst my I have,0
"after two Terrible of days use broke just product,",0
"Broke quality poor use, on build very first",0
worst bought in life have ever product my The,0
recommend friends and definitely Would,1
"pleased this purchase, So works with like charm a",1
"expectations my exceeded performance, all",1
to Superb experience start finish,1
"arrive weeks broken took and Complete disaster, to",0
"shown Misleading nothing like description, is",0
I Highly is what this needed,1
"not and total scam Do this, waste it a buy",0
The works great product too looks,1
"quality, Extremely immediately apart poor",0
"so product I This it is much fantastic,",1
with service Highly disappointed product and both,0
return damaged is a nightmare the process,0
Best have I purchase recommend this highly made,1
"is not buy it total Do this, and waste a",0
"worth very the money at disappointed all, Not",0
"total waste again, Never and of time a money",0
"well quality solid Great item,",1
"customer one experience, responded me to",0
"quality great impressed price, very Top notch",1
"made durable at quality, Awful all cheaply",0
"this pleased works purchase, charm with like",1
"well Brilliant arrived product, and",1
to family definitely and friends recommend Would,1
"money, for quality value top",1
delivery and Smooth process quick,1
"was of money again, waste total this and Never time a",0
"quality, all made Awful durable cheaply at and",0
"Loved from it without works issues one, day",1
was useless item the support Received and wrong,0
"says with Really what it happy exactly does this,",1
"love much it I absolutely product This so is fantastic,",1
"Worst here shop experience again never ever, will",0
"ever, complete waste of Worst purchase money",0
"product absolutely it love is much so fantastic,",1
"exactly what I satisfied, needed is this",1
"exceeded performance, my expectations all",1
disappointed with service Highly and product,0
product life in my bought I The ever,0
both disappointed product with and Highly,0
exactly wonderful as fit Perfect,1
start Superb from finish experience to,1
"well made Great and item, quality",1
"unhappy, this expectations any failed meet to Very",0
"failure week, after total stopped one Product working",0
"as work is described This not product garbage,",0
"immediately quality, apart fell Extremely poor",0
completely Customer service was rude,0
"my so easier has made Love this it item,",1
"waste money Never time again, and was a of",0
"with So purchase, works like a this",1
was rude and service completely,0
"Highly this what exactly is needed satisfied,",1
Fantastic well to built and easy,1
is Arrived the nightmare damaged return and a process,0
"made highly recommend Best I purchase year, this",1
"money of complete purchase ever, Worst",0
"item, Great made and well",1
"I product much fantastic, so This absolutely it love is",1
"and Five was smooth stars, easy",1
"meet expectations this failed any Very unhappy,",0
"without day issues it Loved one, from works any",1
"of purchase waste ever, money",0
"works this charm with pleased So a purchase, like",1
Packaging was inside was destroyed and,0
"quality delivery, Poor extremely slow not and happy",0
support item wrong was and useless,0
"like Misleading description, shown is product",0
"responded Terrible experience, to one me customer",0
"meet Very unhappy, failed this expectations any to",0
disappointed and product with Highly service both,0
"happy very quality delivery, Amazing fast and super",1
"Excellent the was professional service, helpful team and",1
"love product fantastic, absolutely I This much it",1
"Perfect wonderful exactly as and described, fit",1
"this purchase highly recommend Best year, I have made",1
item useless wrong was and support the Received,0
"arrive Complete to took broken weeks disaster,",0
"for quality Incredible top value money,",1
"exceeded expectations, impressed Product my very",1
"to built use Fantastic well easy value,",1
"item, quality and well solid Great",1
"fast very quality and super Amazing happy delivery,",1
"purchase, my again Very with will buy",1
"quality super and fast happy very delivery,",1
described is as not does product work This,0
"product so fantastic, love is I much absolutely",1
"Great quality and well solid item, made",1
"it what Really this, does says happy with",1
"any unhappy, expectations failed this to",0
"waste again, time a and money of this was total Never",0
"product, broke of just use two Terrible after",0
"use, build on poor quality Broke first",0
delivery process and Smooth quick,1
"quality, poor Extremely apart fell",0
"experience, customer one me Terrible to",0
"very on use, build quality Broke poor",0
"and quality price, very great impressed Top notch",1
"arrived packaged quickly and well Brilliant product,",1
finish Superb from to experience start,1
"not Poor happy extremely slow delivery, quality",0
"well value, to Fantastic built use and easy",1
damaged process a Arrived nightmare return the,0
"arrived quickly well packaged product,",1
"performance, Outstanding all exceeded expectations",1
was Very advertised like nothing,0
"easy stars, and smooth everything was Five",1
"built and Fantastic value, use easy well to",1
defective Item was too replacement and,0
"any it day issues from works one, Loved",1
a process the damaged and nightmare Arrived return,0
Great support fast customer and response,1
"Happy overall great with experience everything,",1
"overall with Happy everything, great experience",1
"value top for Incredible quality money,",1
"notch very quality impressed and price, great",1
"for Incredible money, quality value",1
"expectations, my exceeded impressed very Product",1
"quality and Great item, well solid",1
"is needed satisfied, this exactly what",1
"meet any to expectations unhappy, failed this",0
works product too and perfectly The great looks,1
works looks too The perfectly great product and,1
"everything, experience Happy great with",1
to me Terrible one customer no responded,0
Would family recommend and definitely,1
"Poor and not extremely delivery, happy slow quality",0
"exceeded my Product expectations, very",1
"waste this was again, a total and of money Never time",0
rude service unhelpful and completely was,0
return and Arrived nightmare a the process is damaged,0
"of purchase Worst ever, money waste",0
"Brilliant well product, packaged quickly and",1
product and The too perfectly works looks great,1
Item and was long replacement too,0
team Support complaint ignored my weeks two,0
"was disappointed, nothing Very advertised what like",0
to definitely family Would and friends recommend,1
"very and impressed Top price, notch great",1
team two Support my ignored weeks for complaint,0
working total after failure Product one,0
"again ever, shop here experience never",0
"purchase highly year, I recommend Best have made",1
"is as work garbage, product does not",0
"arrive broken and disaster, took weeks",0
"easier life made item, my has it so this",1
"poor immediately fell Extremely quality,",0
"service, professional Excellent team the was helpful and",1
"after of product, broke days Terrible two use just",0
"disappointed, was nothing advertised what like",0
"without day one, Loved works any it from",1
response fast support Great and,1
much absolutely so I it product is This love,1
"total stopped week, failure Product one after",0
here never again experience shop Worst will,0
"for value Incredible quality money,",1
"will Worst shop here never ever, again",0
"issues day works any one, without Loved from it",1
"days after use product, broke two of",0
"wonderful as and described, exactly",1
"value top quality money, Incredible for",1
"and total time this waste Never a was again, of money",0
"purchase made Best have this I recommend year,",1
"money complete purchase waste of Worst ever,",0
and well arrived quickly Brilliant,1
"Highly this satisfied, I exactly is needed what",1
and to easy built well use,1
to Would friends and recommend,1
"Highly satisfied, what exactly I needed",1
"much made so item, it Love this my easier has",1
and both Highly with service disappointed,0
"was Excellent professional team service, helpful and the",1
"very happy quality fast and Amazing delivery,",1
The bought my product in ever life have,0
Packaging broken was inside was item,0
"immediately Extremely poor quality, fell apart",0
have recommend I purchase highly this Best,1
"Terrible experience, no me customer one to responded",0
"works without one, any day from it",1
"item, and well solid made quality Great",1
"extremely slow and not delivery, happy",0
"built Fantastic use easy to value, and well",1
have bought worst my ever in life product The I,0
smooth and easy everything Five,1
a is nightmare process Arrived return and the,0
"money, for top quality value",1
disappointed the very worth money at,0
"service, Excellent professional the helpful team was",1
the useless and was Received item wrong,0
"performance, exceeded expectations my all Outstanding",1
Superb finish from to start,1
"and slow not delivery, quality happy extremely Poor",0
"not product described does This as work garbage, is",0
"not durable all Awful made and cheaply quality,",0
"this recommend Best highly made I year, have",1
"this year, made purchase have I recommend",1
quality first Broke poor on very build,0
"smooth stars, everything Five and easy",1
"well and Brilliant quickly product, packaged arrived",1
fast customer support and times Great response,1
"expectations Outstanding all performance, my exceeded",1
"Love item, easier has life so this my made",1
"broke Terrible just after of product, two",0
"product Misleading shown nothing description, is like",0
"product much absolutely fantastic, so it love This",1
"Top price, notch great and quality impressed",1
and Would recommend to friends family,1
completely unhelpful and rude service,0
"and to Complete arrive broken weeks took disaster,",0
return Arrived is and nightmare process a,0
"top Incredible for money, value quality",1
ignored team Support my complaint for,0
looks works perfectly The and too great,1
have ever life in The bought product I worst my,0
quick process delivery Smooth ordering,1
"is this, buy waste it not a total scam Do and",0
"shown like is description, nothing Misleading product",0
Smooth delivery ordering process quick,1
my complaint two Support weeks ignored,0
"use just two product, after broke of Terrible",0
fast response customer support and,1
"overall great everything, experience with",1
"was Excellent the professional team service, helpful",1
ever life bought worst The my in product I have,0
and with product Highly service both disappointed,0
"not cheaply durable and made quality, at all",0
"product, broke just two Terrible days after",0
"product shown is description, nothing",0
"Loved day works without issues one, from any it",1
"one failure Product working stopped total week,",0
product with and Highly service both disappointed,0
not happy Poor quality slow and,0
"item, and solid made Great",1
"apart fell Extremely quality, immediately poor",0
"Excellent helpful professional service, the and",1
"everything, with great Happy overall experience",1
life ever my bought in have product The I worst,0
"easier this so made my life has much it Love item,",1
"quality top Incredible money, value for",1
"complete ever, money waste Worst",0
"Very failed meet unhappy, to expectations any this",0
"stopped total week, Product working after",0
"weeks to disaster, Complete and arrive",0
"Terrible of use days product, two after just",0
the and process Arrived return damaged a,0
"great experience with Happy everything,",1
"Broke poor use, very build quality on",0
recommend this made have Best highly I purchase,1
"value, built easy well to and",1
"one failure total working week, Product stopped",0
product with service both Highly,0
service Highly both product with,0
shown like nothing is Misleading product,0
defective took Item replacement too long,0
took was too defective Item and,0
"price, and very Top notch impressed quality great",1
"the professional and helpful service, was Excellent",1
"This is work does product not as garbage, described",0
completely Customer service rude unhelpful,0
"time was and this of Never again, waste money a",0
"love product it This so absolutely is much fantastic,",1
"it is waste a scam Do total this, and buy not",0
"purchase, with this pleased a So works like",1
"item, much it this made has my life Love",1
"week, one Product working stopped after failure total",0
"expectations, impressed exceeded Product very",1
"what satisfied, this is exactly Highly",1
"this unhappy, expectations Very to meet failed any",0
"great with everything, Happy overall",1
"and Perfect described, exactly wonderful as",1
"Amazing happy super very and fast delivery,",1
is scam buy total Do a it waste not,0
immediately poor fell Extremely apart,0
will Very again with buy satisfied,1
"unhappy, expectations Very any to this",0
Perfect and exactly fit wonderful as,1
this is what I exactly Highly,1
"garbage, product described does not is This",0
"Really what exactly says does this, with it",1
"like description, shown nothing product Misleading",0
definitely to family friends recommend Would,1
finish to start Superb from,1
"this, and scam buy a is waste total not Do",0
"purchase, charm a with pleased this like So works",1
process Smooth delivery and ordering,1
"Complete arrive and disaster, weeks to broken",0
"was Very advertised like disappointed,",0
"disappointed at Not very all, worth the money",0
"one, day from without works any issues Loved",1
Highly this is what exactly I,1
"buy Very with satisfied will my purchase, again",1
"Misleading is description, like nothing shown product",0
"extremely quality Poor slow and delivery, happy",0
"customer Terrible responded one experience, to me no",0
was destroyed was item inside broken Packaging and,0
"recommend Best this highly I purchase have made year,",1
and product Highly both with service disappointed,0
"value money, top Incredible for quality",1
"described, wonderful Perfect as fit",1
time was money a of waste and total Never this,0
"immediately Extremely apart fell quality,",0
was too defective long and took,0
"total again, time waste and this money of a",0
"to and Fantastic value, easy use built",1
like So a pleased this with charm works,1
Extremely fell apart immediately poor,0
destroyed inside and was was item Packaging,0
"first very poor on build use, Broke",0
"not is product This does as garbage, described",0
like nothing Very advertised what,0
"Five easy and stars, everything was",1
"it easier Love item, this much has made so my",1
Packaging was item was inside broken,0
"money purchase waste complete Worst of ever,",0
ordering process and delivery Smooth,1
"build poor very use, on Broke",0
"not garbage, described This product as is",0
customer times Great and fast support response,1
ever life I bought worst my product have in The,0
"very expectations, Product exceeded my impressed",1
"again, and of a waste money was Never total this time",0
defective Item was and took too,0
"Amazing fast super happy very quality delivery,",1
me one to no Terrible customer,0
"value top money, Incredible quality",1
"and happy quality Amazing delivery, super very",1
"Top very and notch price, quality impressed great",1
"Worst complete waste money of purchase ever,",0
"does Really what says it happy this, exactly with",1
"disappointed, was what nothing advertised like Very",0
and support the was Received wrong item,0
"Outstanding my expectations all performance, exceeded",1
"made item, solid and quality Great",1
"will my again buy purchase, Very satisfied",1
"Broke first build very poor use, on",0
"not scam waste total is this, Do a and",0
Superb from finish experience to,1
"description, shown product nothing is",0
"my Outstanding expectations performance, all",1
"this needed satisfied, I exactly is",1
"Outstanding performance, exceeded my expectations",1
"again with satisfied Very purchase, will",1
and Great response times support,1
"apart poor immediately quality, fell",0
service rude unhelpful was and Customer,0
"product love it much This I is absolutely so fantastic,",1
"Very what like was advertised disappointed, nothing",0
complaint team weeks for my ignored,0
"product is nothing description, Misleading",0
"my Product impressed very expectations,",1
response support and times fast,1
"smooth Five everything and stars, easy was",1
"my Product very expectations, exceeded impressed",1
weeks two complaint for team my ignored Support,0
"very Broke build quality poor use, on",0
"works purchase, charm So this like with a pleased",1
"product, and packaged quickly Brilliant arrived",1
"again Very purchase, will satisfied my buy",1
"like description, nothing shown Misleading product",0
"it scam not waste Do total buy and this, a is",0
is what exactly Highly this I,1
exactly what needed is Highly this,1
"quality extremely slow delivery, not and happy",0
"love is absolutely I This fantastic, it much so product",1
"the money all, worth disappointed very Not",0
"extremely quality not delivery, slow Poor",0
"it one, from Loved day issues works without",1
product The looks great and too works perfectly,1
completely service rude was and,0
"made at Awful durable and all not quality,",0
"does with it happy Really what this, says exactly",1
"Worst purchase ever, waste complete money",0
"broken took arrive Complete disaster, weeks",0
Would family friends definitely recommend,1
wrong useless the support was Received item and,0
team weeks for Support my two complaint,0
"to weeks broken disaster, took and",0
"life item, easier it Love made so this has much",1
"exceeded Product expectations, my very",1
"purchase complete Worst waste money ever, of",0
"apart quality, Extremely poor fell",0
process and ordering quick delivery Smooth,1
"fit and described, exactly Perfect",1
"fit exactly and described, Perfect as wonderful",1
"satisfied buy with Very my purchase, again will",1
"me one customer no responded to experience, Terrible",0
"quality on very Broke use, poor build",0
total stopped one failure after Product working,0
"again shop here ever, will never experience Worst",0
notch very quality impressed Top and great,1
was team helpful the professional and,1
never experience will again shop here Worst,0
replacement took defective and too long Item was,0
"delivery, fast happy quality super very",1
"quickly arrived and product, Brilliant well",1
looks too product great works perfectly The and,1
"nothing description, is like Misleading",0
"to easy and Fantastic built use value, well",1
"delivery, happy super very Amazing quality and",1
"and packaged quickly arrived well Brilliant product,",1
"fast super Amazing very happy delivery, and quality",1
"like disappointed, advertised what Very",0
perfectly too looks product great and,1
"and at Awful durable cheaply not quality, all made",0
"Amazing quality delivery, super fast happy and very",1
from start Superb to experience finish,1
service was Customer rude and completely unhelpful,0
works perfectly looks product great too,1
"all, at worth the money very Not disappointed",0
from Superb finish start experience,1
"extremely Poor quality delivery, happy slow and",0
"performance, expectations my Outstanding all exceeded",1
"quality price, notch very and great Top",1
useless Received was and the wrong support,0
"durable Awful cheaply all quality, at and made",0
long defective replacement took too Item and,0
Received wrong the useless item was,0
customer support times fast response and Great,1
"a works like charm with pleased purchase, this",1
"ever, never will here experience Worst",0
"everything, overall with experience great",1
"very quality price, and notch impressed great",1
"a was time this of Never total and again, waste money",0
"disappointed the all, Not very at",0
destroyed was Packaging was and item broken,0
"my all performance, expectations exceeded",1
Highly and both product service,0
much this my Love so easier has it life,1
"made durable not cheaply Awful and quality, at",0
"after just days Terrible two broke of product,",0
"this, does what happy Really exactly with",1
experience to Superb start from finish,1
"any one, without works issues from it day Loved",1
"it this, says Really what does happy with",1
"service, the and was Excellent professional",1
"my very exceeded impressed expectations,",1
response Great times support fast customer and,1
"Five everything stars, smooth and was easy",1
"does Really says this, with happy what it",1
Very what nothing was like,0
support useless Received item the wrong and was,0
item and Packaging was broken destroyed was inside,0
support and times customer response,1
useless wrong and Received was the item support,0
with both and product service,0
experience Superb start finish from,1
was service unhelpful and completely Customer,0
"Very this to any meet failed unhappy,",0
"solid and item, Great well quality",1
"ever, shop here never Worst will again",0
experience finish to Superb start,1
was Customer and unhelpful rude,0
"exactly Perfect wonderful as described, fit and",1
"notch quality and very price, impressed",1
"my exceeded expectations, impressed Product",1
delivery quick process Smooth and,1
"Product exceeded my expectations, impressed very",1
"satisfied with buy again my will purchase, Very",1
Smooth delivery quick ordering and,1
was destroyed was item Packaging inside,0
"professional the team and service, Excellent",1
